timestamp,company,tweets
1609322265.446237,blendle,0
1609326005.347001,blendle,1
1609326006.551345,cafeyn,1
1609326007.347551,milibris,0
1609347604.974857,blendle,7
1609347605.977976,cafeyn,2
1609347606.76278,milibris,0
1609369235.989912,blendle,3
1609369238.425173,cafeyn,8
1609369239.598144,milibris,0
1609390805.770067,blendle,1
1609390807.471582,cafeyn,4
1609390808.313153,milibris,0
1609412405.840251,blendle,6
1609412407.207431,cafeyn,7
1609412408.028027,milibris,0
1609434005.34847,blendle,5
1609434007.268099,cafeyn,7
1609434013.320852,milibris,0
1609455605.984627,blendle,1
1609455607.844878,cafeyn,1
1609455609.476844,milibris,0
1609477206.608612,blendle,1
1609477208.190862,cafeyn,0
1609477208.985592,milibris,0
1609498806.454518,blendle,2
1609498808.404333,cafeyn,0
1609498809.36925,milibris,0
1609520404.903544,blendle,6
1609520407.048295,cafeyn,6
1609520407.790219,milibris,0
1609542006.586744,blendle,1
1609542008.18588,cafeyn,2
1609542009.201566,milibris,0
1609563609.449703,blendle,1
1609563614.458444,cafeyn,0
1609563615.366542,milibris,0
1609585208.53627,blendle,10
1609585210.455962,cafeyn,1
1609585211.459028,milibris,0
1609606805.394781,blendle,3
1609606806.59983,cafeyn,0
1609606807.554085,milibris,0
1609628691.469851,blendle,3
1609628693.38739,cafeyn,1
1609628694.403768,milibris,1
1609650006.284748,blendle,0
1609650007.827928,cafeyn,3
1609650008.560427,milibris,0
1609671613.062547,blendle,5
1609671616.741336,cafeyn,1
1609671618.074077,milibris,0
1609693207.965838,blendle,7
1609693214.548587,cafeyn,2
1609693215.21414,milibris,0
1609714808.254617,blendle,7
1609714812.328143,cafeyn,4
1609714813.439109,milibris,0
1609736405.695527,blendle,1
1609736407.590449,cafeyn,1
1609736408.613859,milibris,0
1609758005.684202,blendle,8
1609758007.205839,cafeyn,6
1609758008.484785,milibris,1
1609779609.308611,blendle,11
1609779611.541919,cafeyn,5
1609779612.727463,milibris,1
1609801205.547434,blendle,4
1609801207.384219,cafeyn,11
1609801208.112182,milibris,0
1609844441.115168,blendle,8
1609844442.933277,cafeyn,7
1609844443.687509,milibris,0
1609887607.877584,blendle,18
1609887610.003384,cafeyn,24
1609887611.309846,milibris,0
1609909205.644962,blendle,0
1609909207.316234,cafeyn,0
1609909208.331506,milibris,1
1609930807.741091,blendle,16
1609930810.267569,cafeyn,2
1609930812.742608,milibris,3
1609952406.051354,blendle,5
1609952408.414082,cafeyn,7
1609952409.326745,milibris,0
1609974005.136318,blendle,4
1609974006.825856,cafeyn,2
1609974007.652061,milibris,0
1609995615.208215,blendle,0
1609995626.375013,cafeyn,0
1609995628.351394,milibris,0
1610017205.620866,blendle,9
1610017208.641972,cafeyn,4
1610017209.714998,milibris,0
1610038808.089808,blendle,65
1610038811.625021,cafeyn,7
1610038812.821891,milibris,0
1610060407.917782,blendle,10
1610060409.588226,cafeyn,3
1610060410.531592,milibris,1
1610082007.451724,blendle,3
1610082009.593822,cafeyn,0
1610082015.831382,milibris,0
1610125205.92044,blendle,20
1610125207.839185,cafeyn,10
1610125208.72514,milibris,0
1610146809.042039,blendle,5
1610146810.474359,cafeyn,1
1610146811.84762,milibris,0
1610168408.234331,blendle,2
1610168412.227848,cafeyn,0
1610168413.143704,milibris,0
1610190009.001416,blendle,8
1610190012.349369,cafeyn,1
1610190013.408657,milibris,0
1610211616.016835,blendle,4
1610211620.651681,cafeyn,6
1610211621.886443,milibris,0
1610233215.690028,blendle,4
1610233217.624387,cafeyn,1
1610233218.534174,milibris,0
1610254810.846229,blendle,0
1610254815.397255,cafeyn,0
1610254817.045096,milibris,0
1610276416.409253,blendle,11
1610276426.001074,cafeyn,8
1610276437.052013,milibris,0
1610298010.661521,blendle,2
1610298019.44512,cafeyn,3
1610298020.621276,milibris,2
1610319607.105761,blendle,6
1610319608.764345,cafeyn,4
1610319609.908931,milibris,0
1610341208.785754,blendle,0
1610341212.537375,cafeyn,0
1610341213.968007,milibris,0
1610362829.541569,blendle,10
1610362833.476841,cafeyn,10
1610362834.639542,milibris,0
1610384408.952822,blendle,3
1610384411.095443,cafeyn,3
1610384412.063652,milibris,0
1610406006.911201,blendle,6
1610406008.750993,cafeyn,3
1610406009.871304,milibris,0
1610427607.173549,blendle,1
1610427609.072543,cafeyn,0
1610427610.303622,milibris,0
1610449383.832076,blendle,19
1610449387.400631,cafeyn,8
1610449393.406891,milibris,0
1610470813.062683,blendle,13
1610470815.196306,cafeyn,7
1610470816.139703,milibris,0
1610492406.247527,blendle,8
1610492407.774837,cafeyn,7
1610492408.97451,milibris,0
1610514007.386291,blendle,0
1610514010.208554,cafeyn,3
1610514010.966492,milibris,0
1610535609.490651,blendle,10
1610535611.904649,cafeyn,4
1610535612.792357,milibris,0
1610557209.998719,blendle,9
1610557213.364749,cafeyn,5
1610557214.211387,milibris,2
1610578813.917296,blendle,4
1610578817.818506,cafeyn,6
1610578819.916053,milibris,0
1610600406.696484,blendle,0
1610600408.487901,cafeyn,0
1610600409.286192,milibris,0
1610622008.119938,blendle,3
1610622010.338731,cafeyn,8
1610622011.238132,milibris,0
1610643607.154256,blendle,4
1610643609.859177,cafeyn,4
1610643610.804071,milibris,0
1610665208.549294,blendle,4
1610665209.954967,cafeyn,3
1610665210.670253,milibris,1
1610686805.112116,blendle,0
1610686806.397432,cafeyn,0
1610686807.054397,milibris,0
1610708405.226752,blendle,9
1610708406.723013,cafeyn,5
1610708407.536769,milibris,0
1610730004.628023,blendle,3
1610730005.995713,cafeyn,3
1610730006.814935,milibris,0
1610751606.943653,blendle,0
1610751608.162954,cafeyn,2
1610751608.917309,milibris,0
1610773205.521156,blendle,1
1610773207.020539,cafeyn,1
1610773207.780007,milibris,0
1610794804.779652,blendle,6
1610794806.24615,cafeyn,3
1610794807.098374,milibris,0
1610816407.354518,blendle,5
1610816416.558067,cafeyn,5
1610816417.245828,milibris,3
1610838006.27755,blendle,1
1610838007.520766,cafeyn,0
1610838008.255235,milibris,0
1610859604.751054,blendle,0
1610859606.479755,cafeyn,0
1610859612.254446,milibris,0
1610881207.248413,blendle,6
1610881208.660493,cafeyn,1
1610881209.540195,milibris,1
1610902809.132651,blendle,3
1610902810.873617,cafeyn,4
1610902811.643836,milibris,0
1610924406.798839,blendle,2
1610924408.199792,cafeyn,8
1610924409.012022,milibris,0
1610946004.16681,blendle,1
1610946005.538717,cafeyn,0
1610946006.204804,milibris,0
1610967605.545543,blendle,16
1610967607.030956,cafeyn,3
1610967607.726988,milibris,1
1610989206.471305,blendle,11
1610989207.885571,cafeyn,2
1610989208.663661,milibris,0
1611010806.825485,blendle,4
1611010808.113573,cafeyn,0
1611010808.753695,milibris,0
1611032409.927981,blendle,1
1611032410.783811,cafeyn,2
1611032411.401936,milibris,0
1611054005.451363,blendle,13
1611054006.394901,cafeyn,3
1611054007.078293,milibris,3
1611075606.591149,blendle,9
1611075608.955263,cafeyn,5
1611075609.635012,milibris,0
1611097204.999275,blendle,2
1611097205.904781,cafeyn,4
1611097206.585873,milibris,0
1611118804.829493,blendle,0
1611118805.75406,cafeyn,0
1611118806.45149,milibris,0
1611140404.131257,blendle,8
1611140405.333395,cafeyn,2
1611140406.043919,milibris,1
1611162004.218364,blendle,6
1611162010.496004,cafeyn,7
1611162011.230388,milibris,0
1611183606.264241,blendle,8
1611183607.080818,cafeyn,4
1611183607.718935,milibris,1
1611205204.747271,blendle,0
1611205205.665353,cafeyn,1
1611205206.318497,milibris,0
1611226804.978726,blendle,4
1611226805.903199,cafeyn,12
1611226806.560313,milibris,1
1611248404.713579,blendle,0
1611248405.647675,cafeyn,6
1611248406.32528,milibris,1
1611270006.412092,blendle,3
1611270007.356939,cafeyn,4
1611270008.123641,milibris,1
1611291604.101348,blendle,2
1611291605.018402,cafeyn,0
1611291605.71641,milibris,0
1611313204.33743,blendle,11
1611313205.298903,cafeyn,11
1611313205.988471,milibris,0
1611334804.116273,blendle,10
1611334805.795712,cafeyn,3
1611334806.536375,milibris,0
1611356404.768961,blendle,4
1611356405.63242,cafeyn,1
1611356406.295807,milibris,1
1611378004.808713,blendle,1
1611378005.791379,cafeyn,0
1611378006.740085,milibris,0
1611399604.836348,blendle,5
1611399605.769344,cafeyn,3
1611399606.486197,milibris,0
1611421204.702975,blendle,4
1611421205.67537,cafeyn,0
1611421206.341048,milibris,0
1611442804.698906,blendle,2
1611442805.698589,cafeyn,0
1611442806.402059,milibris,0
1611464404.721303,blendle,4
1611464405.606013,cafeyn,0
1611464406.259748,milibris,1
1611486005.962107,blendle,8
1611486006.965964,cafeyn,5
1611486007.727613,milibris,0
1611507604.944349,blendle,7
1611507605.849292,cafeyn,5
1611507606.53903,milibris,0
1611529204.935741,blendle,4
1611529205.839791,cafeyn,4
1611529206.52097,milibris,1
1611550804.857223,blendle,2
1611550805.657521,cafeyn,1
1611550806.341362,milibris,0
1611567396.52803,blendle,11
1611567397.653404,cafeyn,4
1611567398.448013,milibris,0
1611572407.287852,blendle,2
1611572408.428654,cafeyn,3
1611572409.230333,milibris,0
1611591070.657231,blendle,3
1611591071.683373,cafeyn,6
1611591072.482458,milibris,0
1611591367.496639,blendle,0
1611591368.482637,cafeyn,0
1611591369.220029,milibris,0
1611591430.798901,blendle,0
1611591432.373141,cafeyn,0
1611591433.285155,milibris,0
1611591487.833776,blendle,0
1611591488.887557,cafeyn,0
1611591489.724648,milibris,0
1611637208.041971,blendle,8
1611637208.976631,cafeyn,2
1611637209.606047,milibris,0
1611656287.955642,blendle,14
1611656289.276314,cafeyn,8
1611656289.959134,milibris,0
1611656347.114667,blendle,0
1611656348.61719,cafeyn,0
1611656349.377793,milibris,0
1611656407.987398,blendle,0
1611656409.338009,cafeyn,0
1611656410.059997,milibris,0
1611656606.453054,blendle,0
1611656610.141247,cafeyn,0
1611656610.933736,milibris,0
1611656947.802333,blendle,0
1611656949.007777,cafeyn,0
1611656949.912969,milibris,0
1611657008.263184,blendle,0
1611657011.427089,cafeyn,0
1611657012.161647,milibris,0
1611657066.658981,blendle,0
1611657067.938383,cafeyn,0
1611657068.619542,milibris,0
1611657127.608982,blendle,0
1611657128.990886,cafeyn,0
1611657130.783094,milibris,0
1611657187.683177,blendle,0
1611657189.063787,cafeyn,0
1611657189.711863,milibris,0
1611657248.300135,blendle,0
1611657254.677955,cafeyn,1
1611657255.410782,milibris,0
1611657308.360749,blendle,0
1611657309.673988,cafeyn,0
1611657310.348171,milibris,0
1611657367.712444,blendle,0
1611657368.967447,cafeyn,0
1611657369.631674,milibris,0
1611657428.021062,blendle,0
1611657429.232804,cafeyn,0
1611657429.886886,milibris,0
1611657488.152648,blendle,1
1611657489.333007,cafeyn,0
1611657490.007283,milibris,0
1611657548.053093,blendle,0
1611657549.310295,cafeyn,0
1611657549.979655,milibris,0
1611657609.82417,blendle,0
1611657611.232723,cafeyn,0
1611657611.999035,milibris,0
1611657668.063839,blendle,0
1611657669.317211,cafeyn,0
1611657670.08408,milibris,0
1611657727.584445,blendle,0
1611657729.109522,cafeyn,0
1611657729.7318,milibris,0
1611657787.697183,blendle,0
1611657789.093059,cafeyn,0
1611657789.82895,milibris,0
1611657847.843416,blendle,0
1611657849.169287,cafeyn,0
1611657849.858607,milibris,0
1611657908.541811,blendle,0
1611657909.746442,cafeyn,0
1611657910.482638,milibris,0
1611657968.288136,blendle,0
1611657969.646412,cafeyn,0
1611657970.304907,milibris,0
1611658027.367138,blendle,0
1611658028.706698,cafeyn,0
1611658029.354847,milibris,0
1611658087.777107,blendle,0
1611658089.094949,cafeyn,0
1611658089.732586,milibris,0
1611658146.794051,blendle,0
1611658148.014751,cafeyn,0
1611658148.792451,milibris,0
1611658208.129105,blendle,0
1611658209.424231,cafeyn,0
1611658210.077501,milibris,0
1611658267.017646,blendle,0
1611658268.262922,cafeyn,0
1611658269.020991,milibris,0
1611658327.458829,blendle,0
1611658328.657025,cafeyn,0
1611658329.398645,milibris,0
1611658387.172893,blendle,0
1611658388.564588,cafeyn,0
1611658389.283024,milibris,0
1611658446.519154,blendle,0
1611658447.768819,cafeyn,0
1611658448.407358,milibris,0
1611658507.547607,blendle,0
1611658508.851749,cafeyn,0
1611658509.567571,milibris,0
1611658567.61113,blendle,0
1611658568.934423,cafeyn,0
1611658569.591977,milibris,0
1611658627.198933,blendle,0
1611658628.706285,cafeyn,0
1611658629.440527,milibris,0
1611658686.800677,blendle,0
1611658688.03344,cafeyn,0
1611658688.720946,milibris,0
1611658747.865787,blendle,0
1611658749.280154,cafeyn,0
1611658750.08514,milibris,0
1611658813.208442,blendle,0
1611658814.615922,cafeyn,0
1611658815.330148,milibris,0
1611658868.231418,blendle,0
1611658869.419857,cafeyn,0
1611658870.109617,milibris,0
1611658927.747565,blendle,0
1611658928.979564,cafeyn,0
1611658929.682187,milibris,0
1611658988.146386,blendle,0
1611658989.431806,cafeyn,0
1611658990.098867,milibris,0
1611659048.813978,blendle,0
1611659050.138136,cafeyn,0
1611659050.864909,milibris,0
1611659108.940475,blendle,0
1611659110.214253,cafeyn,0
1611659110.882757,milibris,0
1611659167.813643,blendle,0
1611659169.076899,cafeyn,0
1611659169.759733,milibris,0
1611659229.073398,blendle,0
1611659230.423688,cafeyn,0
1611659231.102042,milibris,0
1611659289.179928,blendle,0
1611659290.575409,cafeyn,0
1611659291.337273,milibris,0
1611659347.295047,blendle,0
1611659348.613711,cafeyn,0
1611659349.421955,milibris,0
1611659413.93926,blendle,0
1611659415.414587,cafeyn,0
1611659416.070273,milibris,0
1611659469.233935,blendle,0
1611659470.457431,cafeyn,0
1611659471.118744,milibris,0
1611659527.105508,blendle,0
1611659528.413049,cafeyn,0
1611659529.090369,milibris,0
1611659586.917611,blendle,0
1611659588.21089,cafeyn,0
1611659588.88548,milibris,0
1611659646.677327,blendle,0
1611659647.907102,cafeyn,0
1611659648.565407,milibris,0
1611659708.596548,blendle,0
1611659709.843101,cafeyn,0
1611659710.58978,milibris,0
1611659767.491147,blendle,0
1611659768.812335,cafeyn,0
1611659769.515559,milibris,0
1611659828.579088,blendle,0
1611659829.830095,cafeyn,0
1611659830.679282,milibris,0
1611659887.716779,blendle,0
1611659889.120669,cafeyn,0
1611659889.99838,milibris,0
1611659947.802941,blendle,0
1611659950.061812,cafeyn,0
1611659950.954814,milibris,0
1611660008.934656,blendle,0
1611660010.376702,cafeyn,0
1611660011.047615,milibris,0
1611660068.200161,blendle,0
1611660069.502023,cafeyn,0
1611660070.17872,milibris,0
1611660127.155264,blendle,0
1611660128.521053,cafeyn,0
1611660129.269366,milibris,0
1611660186.582914,blendle,0
1611660187.978173,cafeyn,0
1611660188.626982,milibris,0
1611660248.747793,blendle,0
1611660250.077649,cafeyn,0
1611660250.831536,milibris,0
1611660308.765771,blendle,0
1611660311.292578,cafeyn,0
1611660312.324471,milibris,0
1611660367.702873,blendle,0
1611660369.130946,cafeyn,0
1611660369.837026,milibris,0
1611660429.659665,blendle,0
1611660430.878926,cafeyn,0
1611660431.558881,milibris,0
1611660489.42571,blendle,1
1611660491.026885,cafeyn,0
1611660491.726081,milibris,0
1611660550.551283,blendle,0
1611660551.978364,cafeyn,0
1611660552.675111,milibris,0
1611660610.885728,blendle,0
1611660612.292226,cafeyn,1
1611660612.970639,milibris,0
1611660669.831589,blendle,0
1611660671.346746,cafeyn,0
1611660672.001341,milibris,0
1611660730.091789,blendle,0
1611660731.423983,cafeyn,0
1611660732.106727,milibris,0
1611660790.018209,blendle,0
1611660791.243041,cafeyn,0
1611660792.034895,milibris,0
1611660849.855348,blendle,0
1611660851.481855,cafeyn,0
1611660852.298382,milibris,0
1611660909.393531,blendle,0
1611660910.680633,cafeyn,0
1611660911.474231,milibris,0
1611660969.949606,blendle,0
1611660971.227766,cafeyn,0
1611660971.967046,milibris,0
1611661029.065507,blendle,0
1611661030.338399,cafeyn,0
1611661031.045959,milibris,0
1611661089.003254,blendle,0
1611661090.28123,cafeyn,0
1611661090.936139,milibris,0
1611661155.963584,blendle,0
1611661157.362264,cafeyn,0
1611661158.049676,milibris,0
1611661211.24397,blendle,0
1611661212.492028,cafeyn,0
1611661213.18208,milibris,0
1611661269.389909,blendle,0
1611661270.697117,cafeyn,0
1611661271.572948,milibris,0
1611661329.431563,blendle,0
1611661330.659183,cafeyn,0
1611661331.365171,milibris,0
1611661389.477686,blendle,0
1611661391.281769,cafeyn,0
1611661392.107769,milibris,0
1611661449.60931,blendle,0
1611661451.083475,cafeyn,0
1611661451.753742,milibris,0
1611661510.473725,blendle,0
1611661512.075136,cafeyn,0
1611661512.75612,milibris,0
1611661570.024773,blendle,0
1611661571.494483,cafeyn,0
1611661572.214386,milibris,0
1611661630.264684,blendle,0
1611661632.099885,cafeyn,0
1611661632.849388,milibris,0
1611661689.901479,blendle,1
1611661691.207414,cafeyn,0
1611661691.90905,milibris,0
1611661749.952833,blendle,0
1611661751.35465,cafeyn,0
1611661752.082984,milibris,0
1611661810.664083,blendle,0
1611661812.456423,cafeyn,0
1611661813.225384,milibris,0
1611661869.714845,blendle,0
1611661871.159993,cafeyn,0
1611661871.818339,milibris,0
1611661930.625371,blendle,0
1611661932.028462,cafeyn,0
1611661932.702548,milibris,0
1611661989.661589,blendle,0
1611661991.439032,cafeyn,0
1611661992.197431,milibris,0
1611662049.203877,blendle,0
1611662050.633244,cafeyn,0
1611662051.370377,milibris,0
1611662110.041671,blendle,0
1611662111.485601,cafeyn,0
1611662112.218492,milibris,0
1611662169.469819,blendle,0
1611662171.082542,cafeyn,0
1611662171.780334,milibris,0
1611662230.000303,blendle,0
1611662231.3715,cafeyn,0
1611662232.140322,milibris,0
1611662289.085583,blendle,0
1611662290.837132,cafeyn,0
1611662291.608972,milibris,0
1611662349.501414,blendle,0
1611662350.795166,cafeyn,0
1611662351.465859,milibris,0
1611662413.639811,blendle,0
1611662415.17175,cafeyn,0
1611662415.864682,milibris,0
1611662470.416819,blendle,0
1611662472.819396,cafeyn,0
1611662473.539697,milibris,0
1611662530.366598,blendle,0
1611662531.867688,cafeyn,0
1611662532.650688,milibris,0
1611662589.970139,blendle,0
1611662591.571785,cafeyn,0
1611662592.281422,milibris,0
1611662650.396649,blendle,0
1611662651.933019,cafeyn,0
1611662652.737925,milibris,0
1611662710.273047,blendle,0
1611662712.435347,cafeyn,0
1611662713.153891,milibris,0
1611662770.089084,blendle,0
1611662771.783849,cafeyn,0
1611662772.540833,milibris,0
1611662829.835741,blendle,0
1611662831.279174,cafeyn,0
1611662832.025877,milibris,0
1611662890.365452,blendle,0
1611662892.042123,cafeyn,0
1611662892.832126,milibris,0
1611662950.373966,blendle,0
1611662951.660483,cafeyn,0
1611662952.321388,milibris,0
1611663010.256295,blendle,0
1611663011.572221,cafeyn,0
1611663012.246747,milibris,0
1611663069.573693,blendle,0
1611663070.885733,cafeyn,0
1611663071.648745,milibris,0
1611663129.536023,blendle,0
1611663130.979422,cafeyn,0
1611663131.954649,milibris,0
1611663189.823504,blendle,0
1611663191.014419,cafeyn,0
1611663191.713466,milibris,0
1611663249.706628,blendle,0
1611663250.988018,cafeyn,0
1611663251.657859,milibris,0
1611663311.741373,blendle,0
1611663313.04143,cafeyn,0
1611663313.703834,milibris,0
1611663369.903598,blendle,0
1611663371.297769,cafeyn,0
1611663371.976297,milibris,0
1611663430.407166,blendle,0
1611663433.072133,cafeyn,0
1611663433.788958,milibris,0
1611663490.646008,blendle,0
1611663492.558115,cafeyn,0
1611663493.35874,milibris,0
1611663550.036671,blendle,0
1611663551.476325,cafeyn,0
1611663552.262303,milibris,0
1611663613.15039,blendle,0
1611663620.076262,cafeyn,0
1611663621.094406,milibris,0
1611663669.545691,blendle,0
1611663670.975616,cafeyn,0
1611663671.740069,milibris,0
1611663734.979976,blendle,0
1611663736.548798,cafeyn,0
1611663737.319537,milibris,0
1611663789.791295,blendle,0
1611663791.271982,cafeyn,0
1611663792.085481,milibris,0
1611663849.228922,blendle,0
1611663850.9277,cafeyn,0
1611663851.745465,milibris,0
1611663910.152699,blendle,0
1611663911.74868,cafeyn,0
1611663912.578359,milibris,0
1611663970.590067,blendle,0
1611663972.142367,cafeyn,0
1611663972.88487,milibris,0
1611664092.734777,blendle,0
1611664118.986039,blendle,0
1611664123.894958,cafeyn,0
1611664126.664639,milibris,0
1611664149.616705,cafeyn,0
1611664154.99566,milibris,0
1611664182.906461,blendle,0
1611664196.747209,cafeyn,0
1611664199.880864,milibris,0
1611664232.87695,blendle,0
1611664236.91661,cafeyn,0
1611664238.477105,milibris,0
1611664269.920718,blendle,0
1611664271.305115,cafeyn,0
1611664272.095491,milibris,0
1611664329.771935,blendle,0
1611664336.213488,cafeyn,0
1611664336.977369,milibris,0
1611664390.463946,blendle,0
1611664392.388312,cafeyn,0
1611664393.181495,milibris,0
1611664450.496685,blendle,0
1611664452.226765,cafeyn,0
1611664453.026977,milibris,0
1611664509.810593,blendle,0
1611664511.445037,cafeyn,0
1611664512.173218,milibris,0
1611664569.756647,blendle,0
1611664571.429068,cafeyn,0
1611664572.287219,milibris,0
1611664629.361088,blendle,0
1611664631.072852,cafeyn,0
1611664631.843119,milibris,0
1611664690.318113,blendle,0
1611664691.943682,cafeyn,0
1611664692.76146,milibris,0
1611664760.307302,blendle,0
1611664761.841338,cafeyn,0
1611664762.885324,milibris,0
1611664811.687043,blendle,0
1611664813.30058,cafeyn,0
1611664814.025919,milibris,0
1611664869.533453,blendle,1
1611664871.487307,cafeyn,0
1611664872.287867,milibris,0
1611664935.67734,blendle,0
1611664937.258783,cafeyn,0
1611664938.353571,milibris,0
1611664989.412389,blendle,0
1611664990.93124,cafeyn,0
1611664991.783258,milibris,0
1611665049.302497,blendle,0
1611665055.87286,cafeyn,0
1611665056.703815,milibris,0
1611665110.630707,blendle,0
1611665113.347684,cafeyn,0
1611665114.071578,milibris,0
1611665170.169073,blendle,0
1611665171.913113,cafeyn,0
1611665172.656239,milibris,0
1611665230.703219,blendle,0
1611665232.324422,cafeyn,0
1611665233.11213,milibris,0
1611665289.269926,blendle,0
1611665290.766563,cafeyn,0
1611665291.509513,milibris,0
1611665349.660821,blendle,0
1611665351.149094,cafeyn,0
1611665351.891213,milibris,0
1611665410.12533,blendle,0
1611665411.624468,cafeyn,0
1611665412.384287,milibris,0
1611665469.711585,blendle,0
1611665471.159079,cafeyn,0
1611665472.003227,milibris,0
1611665530.017011,blendle,0
1611665531.646468,cafeyn,0
1611665532.581388,milibris,0
1611665599.848233,blendle,0
1611665601.298325,cafeyn,0
1611665602.153122,milibris,0
1611665650.187436,blendle,0
1611665651.665058,cafeyn,0
1611665652.49569,milibris,0
1611665711.056363,blendle,0
1611665712.802869,cafeyn,0
1611665713.587078,milibris,0
1611665769.948709,blendle,0
1611665771.4086,cafeyn,0
1611665772.187924,milibris,0
1611665829.767667,blendle,0
1611665831.361974,cafeyn,0
1611665832.112748,milibris,0
1611665889.515284,blendle,1
1611665891.609965,cafeyn,0
1611665892.90902,milibris,0
1611665950.181654,blendle,0
1611665951.743719,cafeyn,0
1611665952.608118,milibris,0
1611666013.171499,blendle,0
1611666014.591225,cafeyn,0
1611666015.344065,milibris,0
1611666069.829309,blendle,0
1611666071.486894,cafeyn,0
1611666072.233239,milibris,0
1611666130.369127,blendle,0
1611666131.956399,cafeyn,0
1611666132.691352,milibris,0
1611666190.110084,blendle,0
1611666191.76623,cafeyn,0
1611666192.509591,milibris,0
1611666249.599321,blendle,0
1611666250.980564,cafeyn,0
1611666251.707397,milibris,0
1611666310.285339,blendle,0
1611666311.787104,cafeyn,0
1611666312.53376,milibris,0
1611666369.943937,blendle,0
1611666371.682289,cafeyn,0
1611666372.475716,milibris,0
1611666429.406967,blendle,0
1611666431.128845,cafeyn,0
1611666431.887704,milibris,0
1611666490.122309,blendle,0
1611666491.776816,cafeyn,0
1611666492.548619,milibris,0
1611666549.704958,blendle,1
1611666551.208944,cafeyn,0
1611666552.166215,milibris,0
1611666610.689254,blendle,0
1611666612.231642,cafeyn,0
1611666612.949987,milibris,0
1611666670.546111,blendle,0
1611666672.726194,cafeyn,0
1611666673.55909,milibris,0
1611666729.703346,blendle,0
1611666731.205288,cafeyn,0
1611666731.979178,milibris,0
1611666789.578256,blendle,1
1611666790.963818,cafeyn,0
1611666791.758478,milibris,0
1611666852.137929,blendle,0
1611666853.666113,cafeyn,0
1611666854.493537,milibris,0
1611666914.187377,blendle,0
1611666915.679767,cafeyn,0
1611666916.529653,milibris,0
1611666970.094256,blendle,0
1611666971.526393,cafeyn,0
1611666972.35927,milibris,0
1611667029.628154,blendle,0
1611667031.099454,cafeyn,0
1611667031.98887,milibris,0
1611667057.995294,blendle,0
1611667059.452918,cafeyn,0
1611667060.216357,milibris,0
1611667090.073749,blendle,0
1611667091.554731,cafeyn,0
1611667092.439035,milibris,0
1611667149.682913,blendle,0
1611667151.224126,cafeyn,0
1611667152.063624,milibris,0
1611667211.720029,blendle,0
1611667213.664743,cafeyn,0
1611667214.582437,milibris,0
1611667269.741959,blendle,0
1611667271.163404,cafeyn,0
1611667271.999209,milibris,0
1611667330.442155,blendle,0
1611667331.944873,cafeyn,0
1611667332.704103,milibris,0
1611667390.029869,blendle,1
1611667391.919736,cafeyn,0
1611667392.694357,milibris,0
1611667450.551807,blendle,0
1611667452.12979,cafeyn,0
1611667452.935977,milibris,0
1611667510.129207,blendle,0
1611667511.666563,cafeyn,0
1611667512.54555,milibris,0
1611667569.672566,blendle,0
1611667571.125567,cafeyn,0
1611667571.935388,milibris,0
1611667629.794313,blendle,0
1611667631.31157,cafeyn,0
1611667632.043785,milibris,0
1611667690.499474,blendle,1
1611667692.013758,cafeyn,0
1611667692.83026,milibris,0
1611667750.575072,blendle,0
1611667752.043387,cafeyn,0
1611667752.832043,milibris,0
1611667812.244825,blendle,0
1611667813.811552,cafeyn,0
1611667814.574278,milibris,0
1611667870.425115,blendle,0
1611667872.018879,cafeyn,0
1611667872.92533,milibris,0
1611667930.526236,blendle,0
1611667932.267913,cafeyn,0
1611667933.107213,milibris,0
1611667991.297821,blendle,0
1611667992.789201,cafeyn,0
1611667993.616865,milibris,0
1611668049.890862,blendle,0
1611668051.346556,cafeyn,0
1611668052.090461,milibris,0
1611668110.51075,blendle,0
1611668112.01012,cafeyn,0
1611668112.905369,milibris,0
1611668170.352154,blendle,0
1611668171.817939,cafeyn,0
1611668172.642202,milibris,0
1611668229.502079,blendle,0
1611668230.323281,blendle,0
1611668230.92783,cafeyn,0
1611668231.66348,milibris,0
1611668231.704953,cafeyn,0
1611668232.516142,milibris,0
1611668289.945131,blendle,0
1611668291.470617,cafeyn,0
1611668292.46322,milibris,0
1611668350.29541,blendle,0
1611668351.885963,cafeyn,0
1611668352.663497,milibris,0
1611668412.228442,blendle,0
1611668413.810249,cafeyn,0
1611668414.630743,milibris,0
1611668470.068858,blendle,0
1611668471.803032,cafeyn,0
1611668472.578814,milibris,0
1611668530.331483,blendle,0
1611668531.816565,cafeyn,0
1611668532.576112,milibris,0
1611668589.870938,blendle,0
1611668591.315881,cafeyn,0
1611668592.42716,milibris,0
1611668649.936872,blendle,0
1611668651.682271,cafeyn,0
1611668652.647848,milibris,0
1611668710.690912,blendle,0
1611668712.149922,cafeyn,0
1611668712.942328,milibris,0
1611668770.04495,blendle,0
1611668771.551023,cafeyn,0
1611668772.29137,milibris,0
1611668829.468059,blendle,0
1611668830.944706,cafeyn,0
1611668831.624695,milibris,0
1611668840.758838,blendle,0
1611668842.139121,cafeyn,0
1611668842.915768,milibris,0
1611668889.557097,blendle,0
1611668890.95394,cafeyn,0
1611668891.660041,milibris,0
1611668947.488326,blendle,0
1611668948.782531,cafeyn,0
1611668949.465356,milibris,0
1611669008.352046,blendle,0
1611669009.835715,cafeyn,0
1611669010.52375,milibris,0
1611669063.993009,blendle,0
1611669065.509998,cafeyn,0
1611669066.340028,blendle,0
1611669066.382652,milibris,0
1611669067.627958,cafeyn,0
1611669068.312907,milibris,0
1611669128.575761,blendle,0
1611669129.962365,cafeyn,0
1611669130.662527,milibris,0
1611669134.454543,blendle,0
1611669136.441952,cafeyn,0
1611669137.23427,milibris,0
1611669187.109762,blendle,0
1611669188.470558,cafeyn,0
1611669189.304848,milibris,0
1611669248.486909,blendle,0
1611669249.82995,cafeyn,0
1611669250.531396,milibris,0
1611669310.223841,blendle,0
1611669311.625699,cafeyn,0
1611669312.390438,milibris,0
1611669367.569494,blendle,0
1611669369.784121,cafeyn,0
1611669370.720437,milibris,0
1611669428.677081,blendle,0
1611669430.053587,cafeyn,0
1611669430.776803,milibris,0
1611669488.706354,blendle,0
1611669490.202336,cafeyn,0
1611669490.92862,milibris,0
1611669548.080516,blendle,0
1611669549.545755,cafeyn,0
1611669550.228967,milibris,0
1611669609.897037,blendle,0
1611669613.76672,cafeyn,0
1611669614.628539,milibris,0
1611669674.292622,blendle,0
1611669675.765002,cafeyn,0
1611669676.638205,milibris,0
1611669727.963951,blendle,0
1611669729.243,cafeyn,0
1611669730.083462,milibris,0
1611669787.496965,blendle,0
1611669788.894505,cafeyn,0
1611669789.54952,milibris,0
1611669847.482704,blendle,0
1611669848.836115,cafeyn,0
1611669849.600516,milibris,0
1611669908.9394,blendle,0
1611669910.271933,cafeyn,0
1611669910.942353,milibris,0
1611669967.733167,blendle,0
1611669969.22848,cafeyn,0
1611669969.888602,milibris,0
1611670028.283629,blendle,0
1611670029.544855,cafeyn,0
1611670031.394115,milibris,0
1611670087.17387,blendle,0
1611670088.666753,cafeyn,0
1611670089.364723,milibris,0
1611670145.6766,blendle,0
1611670146.969371,cafeyn,0
1611670147.610702,milibris,0
1611670147.942127,blendle,0
1611670150.402774,cafeyn,0
1611670151.161831,milibris,0
1611670208.63354,blendle,0
1611670209.897907,cafeyn,0
1611670210.528938,milibris,0
1611670267.709641,blendle,0
1611670269.113308,cafeyn,0
1611670269.895232,milibris,0
1611670328.783688,blendle,0
1611670330.058188,cafeyn,0
1611670330.742055,milibris,0
1611670392.933738,blendle,0
1611670394.551935,cafeyn,0
1611670395.288633,milibris,0
1611670447.510716,blendle,0
1611670448.853856,cafeyn,1
1611670449.613908,milibris,0
1611670509.487328,blendle,0
1611670511.03824,cafeyn,0
1611670511.79047,milibris,0
1611670568.719727,blendle,0
1611670570.271224,cafeyn,0
1611670571.036909,milibris,0
1611670627.757861,blendle,0
1611670629.321519,cafeyn,0
1611670630.194065,milibris,0
1611670688.072496,blendle,0
1611670689.826466,cafeyn,0
1611670690.584673,milibris,0
1611670747.824786,blendle,0
1611670749.920012,cafeyn,0
1611670750.607049,milibris,0
1611670809.286038,blendle,0
1611670811.015213,cafeyn,0
1611670811.890404,milibris,0
1611670867.983312,blendle,0
1611670869.63358,cafeyn,0
1611670870.374627,milibris,0
1611670928.329519,blendle,0
1611670935.245812,cafeyn,0
1611670935.988277,milibris,0
1611670988.245679,blendle,0
1611670989.734152,cafeyn,0
1611670990.530324,milibris,0
1611671047.774756,blendle,0
1611671049.211839,cafeyn,0
1611671050.019396,milibris,0
1611671109.023674,blendle,0
1611671110.654092,cafeyn,0
1611671111.413543,milibris,0
1611671168.697956,blendle,0
1611671170.250649,cafeyn,0
1611671171.142555,milibris,0
1611671227.654397,blendle,0
1611671229.192459,cafeyn,0
1611671229.997285,milibris,0
1611671289.676767,blendle,0
1611671291.123328,cafeyn,0
1611671291.992246,milibris,0
1611671347.869779,blendle,0
1611671349.819189,cafeyn,0
1611671350.524438,milibris,0
1611671410.404196,blendle,0
1611671411.751149,cafeyn,0
1611671412.461802,milibris,0
1611671468.58587,blendle,0
1611671470.370183,cafeyn,0
1611671471.107148,milibris,0
1611671529.715687,blendle,0
1611671531.199252,cafeyn,0
1611671532.004773,milibris,0
1611671588.855521,blendle,0
1611671596.294617,cafeyn,0
1611671597.214281,milibris,0
1611671647.958007,blendle,0
1611671649.386299,cafeyn,0
1611671650.295602,milibris,0
1611671708.348103,blendle,0
1611671709.93376,cafeyn,0
1611671710.818572,milibris,0
1611671769.252138,blendle,0
1611671770.931892,cafeyn,0
1611671771.647111,milibris,0
1611671828.533965,blendle,0
1611671829.963306,cafeyn,0
1611671830.82763,milibris,0
1611671888.856458,blendle,0
1611671890.245692,cafeyn,0
1611671890.915976,milibris,0
1611671948.894104,blendle,0
1611671952.457543,cafeyn,0
1611671953.170304,milibris,0
1611672009.097513,blendle,0
1611672010.879199,cafeyn,0
1611672011.644794,milibris,0
1611672067.785036,blendle,0
1611672069.397119,cafeyn,0
1611672070.164394,milibris,0
1611672128.381653,blendle,0
1611672130.780347,cafeyn,0
1611672131.499707,milibris,0
1611672188.072205,blendle,0
1611672189.517193,cafeyn,0
1611672190.415606,milibris,0
1611672248.510002,blendle,0
1611672250.043066,cafeyn,0
1611672250.73433,milibris,0
1611672309.785447,blendle,0
1611672311.134391,cafeyn,0
1611672311.854009,milibris,0
1611672368.723251,blendle,0
1611672370.266281,cafeyn,0
1611672370.960033,milibris,0
1611672428.771217,blendle,0
1611672430.298084,cafeyn,0
1611672431.146927,milibris,0
1611672487.791107,blendle,0
1611672490.582468,cafeyn,0
1611672491.501165,milibris,0
1611672548.555839,blendle,0
1611672550.104208,cafeyn,0
1611672550.993195,milibris,0
1611672610.243916,blendle,0
1611672611.835934,cafeyn,0
1611672612.672885,milibris,0
1611672667.814221,blendle,0
1611672669.497376,cafeyn,0
1611672670.298345,milibris,0
1611672729.313218,blendle,0
1611672731.080591,cafeyn,0
1611672731.834211,milibris,0
1611672787.963964,blendle,0
1611672789.56721,cafeyn,0
1611672795.44262,milibris,0
1611672848.046913,blendle,0
1611672849.899909,cafeyn,0
1611672850.750995,milibris,0
1611672909.791314,blendle,0
1611672911.681083,cafeyn,0
1611672912.545354,milibris,0
1611672968.31475,blendle,0
1611672970.038806,cafeyn,0
1611672970.866035,milibris,0
1611673028.004733,blendle,0
1611673029.779756,cafeyn,0
1611673030.620676,milibris,0
1611673088.101956,blendle,0
1611673090.797998,cafeyn,0
1611673091.554478,milibris,0
1611673147.388304,blendle,0
1611673148.974246,cafeyn,0
1611673149.885708,milibris,0
1611673211.185052,blendle,0
1611673212.666811,cafeyn,0
1611673213.48689,milibris,0
1611673268.114436,blendle,0
1611673269.721147,cafeyn,0
1611673270.519307,milibris,0
1611673328.245056,blendle,0
1611673329.813115,cafeyn,0
1611673330.783714,milibris,0
1611673388.477917,blendle,0
1611673390.445124,cafeyn,0
1611673391.319167,milibris,0
1611673448.005012,blendle,0
1611673454.515831,cafeyn,0
1611673455.477691,milibris,0
1611673513.335434,blendle,0
1611673520.0226,cafeyn,0
1611673520.900285,milibris,0
1611673568.933947,blendle,0
1611673570.978507,cafeyn,0
1611673571.76385,milibris,0
1611673628.889208,blendle,0
1611673630.503565,cafeyn,0
1611673631.273627,milibris,0
1611673687.898775,blendle,0
1611673689.856653,cafeyn,0
1611673690.680821,milibris,0
1611673748.141694,blendle,0
1611673749.719086,cafeyn,0
1611673750.59024,milibris,0
1611673809.440207,blendle,0
1611673811.024013,cafeyn,0
1611673811.824531,milibris,0
1611673868.218211,blendle,0
1611673869.807145,cafeyn,0
1611673870.567798,milibris,0
1611673927.880298,blendle,0
1611673929.611668,cafeyn,0
1611673930.47651,milibris,0
1611673987.999517,blendle,0
1611673989.579343,cafeyn,0
1611673990.433602,milibris,0
1611674049.58556,blendle,0
1611674056.477956,cafeyn,0
1611674057.287662,milibris,0
1611674109.077218,blendle,0
1611674110.681053,cafeyn,0
1611674111.945429,milibris,0
1611674168.474724,blendle,0
1611674171.379291,cafeyn,0
1611674172.217618,milibris,0
1611674227.279407,blendle,0
1611674228.684924,cafeyn,0
1611674229.675188,milibris,0
1611674288.03398,blendle,0
1611674289.373031,cafeyn,0
1611674290.294434,milibris,0
1611674348.264194,blendle,0
1611674349.595923,cafeyn,0
1611674350.416702,milibris,0
1611674408.540744,blendle,0
1611674410.088215,cafeyn,0
1611674410.836303,milibris,0
1611674468.426302,blendle,0
1611674471.144383,cafeyn,0
1611674472.010304,milibris,0
1611674528.60484,blendle,0
1611674529.931039,cafeyn,0
1611674530.771496,milibris,0
1611674587.911032,blendle,0
1611674589.265419,cafeyn,0
1611674589.97188,milibris,0
1611674630.967389,blendle,0
1611674632.431416,cafeyn,0
1611674633.304892,milibris,0
1611674648.388356,blendle,0
1611674649.765663,cafeyn,0
1611674650.44155,milibris,0
1611674708.145473,blendle,0
1611674709.564907,cafeyn,0
1611674710.444539,milibris,0
1611674767.708448,blendle,0
1611674769.103043,cafeyn,0
1611674769.820282,milibris,0
1611674829.737554,blendle,0
1611674831.167331,cafeyn,0
1611674831.963987,milibris,0
1611674887.597769,blendle,0
1611674889.127841,cafeyn,0
1611674889.911903,milibris,0
1611674947.853548,blendle,0
1611674949.210558,cafeyn,0
1611674949.952671,milibris,0
1611675008.975185,blendle,0
1611675010.365829,cafeyn,0
1611675011.11794,milibris,0
1611675066.903558,blendle,0
1611675068.626327,cafeyn,0
1611675069.37087,milibris,0
1611675128.072425,blendle,0
1611675129.40893,cafeyn,0
1611675130.254576,milibris,0
1611675187.407371,blendle,0
1611675188.741062,cafeyn,0
1611675189.418728,milibris,0
1611675247.527613,blendle,0
1611675248.748969,cafeyn,0
1611675249.470207,milibris,0
1611675308.524316,blendle,0
1611675309.85226,cafeyn,0
1611675310.557615,milibris,0
1611675367.91623,blendle,0
1611675369.200179,cafeyn,0
1611675369.833604,milibris,0
1611675427.050101,blendle,0
1611675428.464165,cafeyn,0
1611675429.118424,milibris,0
1611675487.224106,blendle,0
1611675488.516443,cafeyn,0
1611675489.183418,milibris,0
1611675554.14493,blendle,0
1611675555.702097,cafeyn,0
1611675556.355403,milibris,0
1611675609.051443,blendle,0
1611675610.473247,cafeyn,0
1611675611.609497,milibris,0
1611675667.86787,blendle,0
1611675669.282362,cafeyn,0
1611675670.019885,milibris,0
1611675728.116848,blendle,0
1611675729.602609,cafeyn,0
1611675730.312771,milibris,0
1611675787.172254,blendle,0
1611675788.620708,cafeyn,0
1611675789.386197,milibris,0
1611675847.781674,blendle,0
1611675849.066165,cafeyn,0
1611675849.781794,milibris,0
1611675908.727395,blendle,0
1611675910.018302,cafeyn,0
1611675910.71294,milibris,0
1611675967.12212,blendle,0
1611675968.37666,cafeyn,0
1611675969.100388,milibris,0
1611676028.044921,blendle,0
1611676029.655882,cafeyn,0
1611676030.430189,milibris,0
1611676087.499837,blendle,0
1611676088.961634,cafeyn,0
1611676089.772639,milibris,0
1611676147.320197,blendle,0
1611676148.935399,cafeyn,0
1611676149.712001,milibris,0
1611676208.035768,blendle,0
1611676209.561277,cafeyn,0
1611676210.499528,milibris,0
1611676268.146088,blendle,0
1611676269.659602,cafeyn,0
1611676270.466268,milibris,0
1611676327.938578,blendle,0
1611676329.534228,cafeyn,0
1611676330.373067,milibris,0
1611676387.441011,blendle,0
1611676389.150273,cafeyn,0
1611676389.954119,milibris,0
1611676448.376807,blendle,0
1611676449.916844,cafeyn,0
1611676450.663716,milibris,0
1611676509.666205,blendle,0
1611676511.824669,cafeyn,0
1611676512.681861,milibris,0
1611676568.052319,blendle,0
1611676575.023103,cafeyn,0
1611676581.032045,milibris,0
1611676628.538069,blendle,163
1611676630.156469,cafeyn,108
1611676631.092817,milibris,11
1611676689.043091,blendle,0
1611676690.517584,cafeyn,0
1611676691.29164,milibris,0
1611676748.24336,blendle,0
1611676750.060447,cafeyn,0
1611676750.990716,milibris,0
1611676811.643577,blendle,1
1611676813.438507,cafeyn,0
1611676814.344482,milibris,0
1611676868.594255,blendle,0
1611676870.330908,cafeyn,0
1611676871.5054,milibris,0
1611676928.147367,blendle,0
1611676929.914952,cafeyn,0
1611676930.681212,milibris,0
1611723609.055941,blendle,7
1611723609.948233,cafeyn,3
1611723610.570159,milibris,0
1611826630.705566,blendle,81
1611826632.153251,cafeyn,35
1611826632.948897,milibris,2
1611896407.862032,blendle,12
1611896408.792124,cafeyn,13
1611896409.409778,milibris,0
1611982808.270197,blendle,13
1611982809.82473,cafeyn,47
1611982810.482864,milibris,1
1612611442.380256,blendle,173
1612611443.681017,cafeyn,123
1612611444.285789,milibris,2
1612611445.920932,readly,177
1612611468.851781,blendle,0
1612611470.219023,cafeyn,0
1612611470.766101,milibris,0
1612611472.265312,readly,0
1612674008.558617,blendle,20
1612674010.285175,cafeyn,14
1612674010.657478,milibris,0
1612674012.827696,readly,17
1612760409.966739,blendle,33
1612760411.704365,cafeyn,23
1612760412.354964,milibris,2
1612760419.334093,readly,12
1612846808.237116,blendle,36
1612846809.680561,cafeyn,32
1612846810.240806,milibris,1
1612846811.746011,readly,24
1612933207.678329,blendle,20
1612933208.954346,cafeyn,16
1612933209.491175,milibris,0
1612933210.820463,readly,16
1613019608.692378,blendle,21
1613019611.462035,cafeyn,29
1613019612.072445,milibris,1
1613019613.41826,readly,28
1613106008.189531,blendle,19
1613106009.877027,cafeyn,41
1613106010.487431,milibris,0
1613106012.137467,readly,36
1613192408.435868,blendle,12
1613192410.304764,cafeyn,12
1613192410.934741,milibris,0
1613192412.744416,readly,33
1613278807.280965,blendle,9
1613278808.725202,cafeyn,18
1613278809.34717,milibris,1
1613278811.013966,readly,9
1613365207.935632,blendle,13
1613365210.006492,cafeyn,9
1613365210.613594,milibris,0
1613365212.144933,readly,11
1613451608.209046,blendle,42
1613451609.515007,cafeyn,14
1613451610.195506,milibris,1
1613451612.155006,readly,49
1613538008.611554,blendle,18
1613538010.385115,cafeyn,9
1613538011.003009,milibris,1
1613538013.08808,readly,39
1613624407.797553,blendle,23
1613624409.64006,cafeyn,39
1613624410.295366,milibris,2
1613624412.478747,readly,27
1613710808.076643,blendle,41
1613710809.484665,cafeyn,14
1613710810.192637,milibris,0
1613710812.457793,readly,35
1613797208.277361,blendle,16
1613797209.721191,cafeyn,28
1613797210.397696,milibris,3
1613797217.472053,readly,39
1613883607.637442,blendle,23
1613883609.090727,cafeyn,9
1613883609.730572,milibris,0
1613883611.796528,readly,20
1613970007.57976,blendle,25
1613970009.058239,cafeyn,6
1613970009.863495,milibris,0
1613970013.017667,readly,17
1614056408.059282,blendle,18
1614056410.565015,cafeyn,13
1614056411.259215,milibris,0
1614056413.394493,readly,32
1614142809.283136,blendle,20
1614142810.710163,cafeyn,11
1614142811.383379,milibris,1
1614142813.133042,readly,19
1614229207.861424,blendle,36
1614229208.820375,cafeyn,11
1614229209.501533,milibris,1
1614229211.266011,readly,36
1614315608.019102,blendle,30
1614315609.308214,cafeyn,11
1614315609.886228,milibris,0
1614315611.977468,readly,34
1614402007.383664,blendle,18
1614402008.48867,cafeyn,11
1614402009.019986,milibris,0
1614402010.611506,readly,23
1614488408.018347,blendle,18
1614488408.88899,cafeyn,11
1614488409.526729,milibris,3
1614488411.044149,readly,13
1614574808.419286,blendle,22
1614574809.34156,cafeyn,27
1614574810.084593,milibris,2
1614574811.890909,readly,20
1614661209.000659,blendle,33
1614661210.420095,cafeyn,28
1614661211.02515,milibris,0
1614661212.961157,readly,19
1614747608.054455,blendle,18
1614747609.345905,cafeyn,13
1614747610.065541,milibris,1
1614747611.727246,readly,17
1614834009.570903,blendle,20
1614834010.728512,cafeyn,9
1614834011.338388,milibris,3
1614834013.288885,readly,27
1614920413.310221,blendle,27
1614920415.977187,cafeyn,16
1614920416.997785,milibris,1
1614920419.522223,readly,21
1615006809.310284,blendle,18
1615006813.77554,cafeyn,14
1615006815.336049,milibris,1
1615006819.67679,readly,19
1615093208.971546,blendle,28
1615093211.14167,cafeyn,14
1615093212.042397,milibris,1
1615093214.29891,readly,13
1615179608.811335,blendle,11
1615179610.854989,cafeyn,13
1615179611.941841,milibris,0
1615179614.374331,readly,10
1615266010.998408,blendle,14
1615266012.30547,cafeyn,15
1615266013.095474,milibris,0
1615266016.443988,readly,16
1615352409.343019,blendle,28
1615352410.590614,cafeyn,18
1615352411.481585,milibris,0
1615352413.748137,readly,14
1615438825.697676,blendle,41
1615438847.521985,cafeyn,26
1615438848.770287,milibris,0
1615438854.376194,readly,13
1615525212.889477,blendle,19
1615525219.955867,cafeyn,24
1615525222.248303,milibris,0
1615525232.889535,readly,24
1615611609.600244,blendle,27
1615611611.781379,cafeyn,20
1615611612.69868,milibris,0
1615611615.054565,readly,17
1615650998.919652,blendle,14
1615651000.465589,cafeyn,8
1615651001.180388,milibris,0
1615651002.579959,readly,9
1616349274.866791,blendle,202
1616349276.382666,cafeyn,151
1616349277.016503,milibris,6
1616349278.904251,readly,166
1616389207.512698,blendle,4
1616389208.848092,cafeyn,6
1616389209.498155,milibris,0
1616389210.810536,readly,6
1616475610.924393,blendle,21
1616475613.088175,cafeyn,27
1616475613.79703,milibris,0
1616475616.041522,readly,11
1616562007.807635,blendle,18
1616562010.166723,cafeyn,17
1616562011.097705,milibris,0
1616562012.966408,readly,15
1616648408.110748,blendle,18
1616648409.741787,cafeyn,16
1616648410.462411,milibris,0
1616648412.007248,readly,16
1616734808.456126,blendle,21
1616734810.660906,cafeyn,28
1616734811.563786,milibris,2
1616734813.539933,readly,22
1616821211.887847,blendle,25
1616821215.58843,cafeyn,35
1616821216.322423,milibris,1
1616821220.182381,readly,20
1616904007.901024,blendle,25
1616904010.112877,cafeyn,39
1616904010.908099,milibris,0
1616904012.555863,readly,5
1618047594.076452,blendle,142
1618047597.856131,cafeyn,225
1618047599.60567,milibris,8
1618047602.941404,readly,163
1618050885.914948,blendle,111
1618050889.504118,cafeyn,177
1618050891.219239,milibris,6
1618050894.119069,readly,133
1618051380.432324,blendle,111
1618051384.219388,cafeyn,174
1618051385.928023,milibris,6
1618051388.727281,readly,133
1618051399.237428,blendle,142
1618051402.932817,cafeyn,227
1618051404.765169,milibris,9
1618051407.436706,readly,28
1618051418.003802,blendle,141
1618051421.247475,cafeyn,227
1618051423.309466,milibris,9
1618051427.241656,readly,133
1618113609.899647,blendle,150
1618113613.252415,cafeyn,243
1618113615.123841,milibris,9
1618113618.241244,readly,41
1618200009.41445,blendle,152
1618200012.840655,cafeyn,242
1618200014.639177,milibris,9
1618200017.985191,readly,140
1618286410.301291,blendle,167
1618286414.007504,cafeyn,267
1618286415.889653,milibris,7
1618286418.89286,readly,76
1618372812.043538,blendle,178
1618372817.041401,cafeyn,288
1618372819.965363,milibris,9
1618372825.063141,readly,133
1618459211.648958,blendle,176
1618459216.292168,cafeyn,270
1618459218.655898,milibris,10
1618459223.324317,readly,98
1618545610.541914,blendle,183
1618545615.080836,cafeyn,267
1618545617.194997,milibris,9
1618545621.567717,readly,128
1618632011.798059,blendle,189
1618632019.88263,cafeyn,248
1618632023.38633,milibris,11
1618632029.763905,readly,98
1618646787.43318,blendle,193
1618646794.367306,cafeyn,270
1618646797.286053,milibris,11
1618646802.359711,readly,195
1620757163.1714,blendle,190
1620757782.087061,blendle,108
1620757785.351482,cafeyn,120
1620757786.957748,milibris,5
1620757822.547324,readly,180
1620792010.725643,blendle,113
1620792046.159544,cafeyn,109
1620792047.220452,milibris,5
1620792050.036749,readly,159
1620878410.832461,blendle,143
1620878447.7605,cafeyn,107
1620878448.902728,milibris,5
1620878451.548442,readly,16
1620896975.971422,blendle,145
1620896993.597631,blendle,145
1620896995.951446,cafeyn,108
1620896997.12357,milibris,5
1620896999.796694,readly,136
1620897008.273404,blendle,0
1620897010.506683,cafeyn,0
1620897293.307045,blendle,0
1620897295.471013,cafeyn,0
1620897296.702697,milibris,0
1620897299.462458,readly,16
1620897361.437678,blendle,145
1620897397.522392,cafeyn,108
1620897398.684842,milibris,5
1620897401.477063,readly,136
1620964809.542245,blendle,15
1620964845.352585,cafeyn,5
1620964846.53474,milibris,0
1620964882.337943,readly,26
1621051277.384962,blendle,116
1621051279.719279,cafeyn,102
1621051280.972823,milibris,4
1621051283.577346,readly,91
1621137610.073076,blendle,53
1621137612.434007,cafeyn,22
1621137613.664781,milibris,2
1621137616.068319,readly,36
1621224044.07064,blendle,103
1621224047.24225,cafeyn,90
1621224049.80623,milibris,1
1621224053.080751,readly,71
1621310412.633427,blendle,71
1621310485.174287,cafeyn,52
1621310489.259421,milibris,2
1621310494.238601,readly,46
1621396812.731524,blendle,73
1621396816.475305,cafeyn,76
1621396818.819081,milibris,1
1621396822.733138,readly,67
1621483215.738736,blendle,99
1621483219.477351,cafeyn,60
1621483223.604046,milibris,2
1621483228.105215,readly,52
1621569846.476287,blendle,87
1621569852.407982,cafeyn,68
1621569856.157173,milibris,0
1621569862.051875,readly,77
1621656014.857942,blendle,122
1621656020.916281,cafeyn,65
1621656024.943256,milibris,2
1621656032.29191,readly,49
1621742413.479272,blendle,94
1621742423.358443,cafeyn,61
1621742426.108718,milibris,2
1621742435.370139,readly,64
1621828814.07884,blendle,95
1621828818.839817,cafeyn,51
1621828822.110342,milibris,0
1621828825.838056,readly,46
1621915211.709492,blendle,96
1621915221.099452,cafeyn,66
1621915227.93961,milibris,2
1621915240.427933,readly,68
1622001619.154932,blendle,95
1622001628.706851,cafeyn,82
1622001634.625688,milibris,0
1622001641.993783,readly,49
1622088018.986913,blendle,108
1622088029.59913,cafeyn,66
1622088035.624027,milibris,5
1622088049.058837,readly,65
1622174419.723002,blendle,86
1622174429.759282,cafeyn,104
1622174435.148757,milibris,0
1622174444.067496,readly,61
1622260814.154543,blendle,85
1622260820.216156,cafeyn,62
1622260824.223474,milibris,8
1622260834.693603,readly,86
1622347212.757374,blendle,72
1622347219.715109,cafeyn,98
1622347224.475382,milibris,1
1622347238.807953,readly,70
1622433616.427662,blendle,73
1622433624.287272,cafeyn,60
1622433634.484169,milibris,6
1622520019.50235,blendle,85
1622520030.298945,cafeyn,73
1622520037.551673,milibris,6
1622520049.646148,readly,98
1622606415.817334,blendle,62
1622606421.844685,cafeyn,67
1622606425.830383,milibris,3
1622606433.699661,readly,76
1622692829.073628,blendle,90
1622692846.665734,cafeyn,77
1622692859.707901,milibris,10
1622692874.844051,readly,98
1622779227.875032,blendle,66
1622779251.79244,cafeyn,69
1622779270.773715,milibris,3
1622779291.590236,readly,94
1622865619.196139,blendle,75
1622865626.048545,cafeyn,71
1622865632.063872,milibris,7
1622865639.080427,readly,92
1622952014.341734,blendle,65
1622952024.155622,cafeyn,55
1622952034.361918,milibris,3
1622952045.536243,readly,74
1623038413.521398,blendle,94
1623038426.783423,cafeyn,64
1623038430.750595,milibris,4
1623038435.098773,readly,53
1623124811.750731,blendle,66
1623124817.362767,cafeyn,66
1623124821.556398,milibris,2
1623124826.695872,readly,70
1623211216.370418,blendle,82
1623211223.542544,cafeyn,53
1623211227.175306,milibris,6
1623211231.523722,readly,37
1623297623.559943,blendle,66
1623297628.82837,cafeyn,64
1623297634.271792,milibris,0
1623297639.667771,readly,78
1623384013.15923,blendle,80
1623384018.300433,cafeyn,52
1623384022.223512,milibris,3
1623384027.985923,readly,69
1623470415.902953,blendle,73
1623470423.475795,cafeyn,56
1623470429.39509,milibris,0
1623470436.27231,readly,65
1623556815.192928,blendle,80
1623556824.812376,cafeyn,58
1623556829.928913,milibris,2
1623556836.903952,readly,83
1623643211.285174,blendle,69
1623643215.423528,cafeyn,47
1623643218.833333,milibris,0
1623643224.202253,readly,73
1623729611.726038,blendle,79
1623729615.759464,cafeyn,70
1623729618.825016,milibris,4
1623729623.606326,readly,91
1623816012.504785,blendle,61
1623816018.058553,cafeyn,52
1623816023.691098,milibris,3
1623816027.874096,readly,94
1623902411.477485,blendle,82
1623902416.732506,cafeyn,78
1623902421.048244,milibris,5
1623902427.54143,readly,131
1623988811.924549,blendle,54
1623988817.636577,cafeyn,76
1623988821.21469,milibris,5
1623988827.817543,readly,88
1624075211.133447,blendle,88
1624075215.552309,cafeyn,74
1624075218.894516,milibris,7
1624075224.416179,readly,117
1624161610.758206,blendle,48
1624161619.291769,cafeyn,64
1624161623.779841,milibris,5
1624161629.793044,readly,78
1624248010.672017,blendle,83
1624248017.977274,cafeyn,64
1624248021.789945,milibris,8
1624248028.262715,readly,105
1624334410.970106,blendle,64
1624334416.129262,cafeyn,92
1624334420.003189,milibris,5
1624334426.254715,readly,103
1624420811.092626,blendle,75
1624420816.613847,cafeyn,59
1624420820.715427,milibris,9
1624420827.929589,readly,134
1624507211.856639,blendle,62
1624507218.555689,cafeyn,104
1624507222.154611,milibris,2
1624507228.514098,readly,116
1624593611.245015,blendle,65
1624593616.805355,cafeyn,50
1624593621.910291,milibris,7
1624593629.768818,readly,105
1624680019.922269,blendle,66
1624680028.397621,cafeyn,79
1624680034.806332,milibris,1
1624680043.776922,readly,117
1624766418.402775,blendle,61
1624766424.61266,cafeyn,50
1624766428.354208,milibris,7
1624766434.435187,readly,94
1624852812.743331,blendle,61
1624852823.744417,cafeyn,81
1624852828.435886,milibris,0
1624852835.727514,readly,116
1624939217.543909,blendle,73
1624939224.490112,cafeyn,43
1624939229.937272,milibris,7
1624939237.879595,readly,102
1625025614.516334,blendle,68
1625025618.751397,cafeyn,75
1625025622.06798,milibris,0
1625025626.084224,readly,100
1625112013.814106,blendle,71
1625112017.575923,cafeyn,46
1625112019.988764,milibris,7
1625112024.234669,readly,97
1625198414.566279,blendle,71
1625198418.190915,cafeyn,65
1625198421.418394,milibris,3
1625198425.819775,readly,89
1625284814.362901,blendle,71
1625284818.341896,cafeyn,44
1625284821.536891,milibris,5
1625284825.993965,readly,92
1625371214.552834,blendle,81
1625371219.110673,cafeyn,69
1625371222.432053,milibris,7
1625371227.746269,readly,100
1625457613.394537,blendle,65
1625457616.893574,cafeyn,59
1625457619.28748,milibris,5
1625457623.205531,readly,83
1625544009.416081,blendle,90
1625544013.28814,cafeyn,68
1625544016.050282,milibris,7
1625544020.073787,readly,92
1625630415.053704,blendle,66
1625630418.735969,cafeyn,61
1625630421.45519,milibris,3
1625630426.091452,readly,114
1625716814.310532,blendle,69
1625716818.777482,cafeyn,60
1625716822.177465,milibris,8
1625716826.75534,readly,89
1625803213.824855,blendle,61
1625803218.154804,cafeyn,64
1625803221.04556,milibris,3
1625803225.337465,readly,93
1625889614.233653,blendle,68
1625889618.149215,cafeyn,57
1625889621.251595,milibris,6
1625889625.908923,readly,98
1625928586.086435,blendle,47
1625928591.337996,cafeyn,66
1625928594.749977,milibris,2
1625928599.868794,readly,80
1625928789.05352,blendle,68
1625928793.815026,cafeyn,57
1625928798.762556,milibris,6
1625928804.489968,readly,97
1626511762.625276,blendle,83
1626511767.541337,cafeyn,94
1626511771.170531,milibris,4
1626511776.215322,readly,123
1626511884.493321,blendle,16
1626511891.009813,cafeyn,9
1626511895.097169,milibris,1
1626511901.531047,readly,42
1626519594.876377,blendle,99
1626519597.160026,cafeyn,106
1626519598.79752,milibris,5
1626519601.834775,readly,164
1626519821.748404,blendle,99
1626519824.114252,cafeyn,107
1626519825.643184,milibris,5
1626519828.43813,readly,164
1626520089.925339,blendle,99
1626520092.283684,cafeyn,107
1626520093.731729,milibris,5
1626520096.383601,readly,164
1626520159.507284,blendle,99
1626520161.866811,cafeyn,107
1626520163.373282,milibris,5
1626520166.130818,readly,164
1626525186.999884,blendle,99
1626525189.631036,cafeyn,110
1626525191.297414,milibris,5
1626525194.159059,readly,164
1626525580.847629,blendle,99
1626525583.396361,cafeyn,110
1626525585.228805,milibris,5
1626525588.127928,readly,164
1626525730.202718,blendle,100
1626525733.232658,cafeyn,110
1626525735.608247,milibris,5
1626525739.34902,readly,164
1626525775.948094,blendle,100
1626526950.919696,blendle,100
1626526969.55628,blendle,100
1626526972.246847,cafeyn,110
1626526973.936376,milibris,5
1626526977.128859,readly,165
1626530207.431768,blendle,100
1626530210.149581,cafeyn,110
1626530212.164644,milibris,5
1626530215.15135,readly,164
1626608620.261478,blendle,92
1626608623.904821,cafeyn,103
1626608626.423042,milibris,5
1626608630.380534,readly,135
1626608914.174703,blendle,92
1626608918.347455,cafeyn,103
1626608920.834906,milibris,5
1626608923.984567,readly,135
1626625795.645632,blendle,95
1626625798.048095,cafeyn,92
1626625800.129639,milibris,5
1626625803.345184,readly,135
1626667208.164886,blendle,95
1626667210.394162,cafeyn,87
1626667212.209141,milibris,5
1626667215.084773,readly,135
1626753608.271209,blendle,99
1626753611.279744,cafeyn,88
1626753613.528202,milibris,6
1626753616.804184,readly,128
1626840008.972,blendle,102
1626840012.147918,cafeyn,77
1626840013.59209,milibris,4
1626840016.354905,readly,113
1626926410.539878,blendle,99
1626926413.003776,cafeyn,89
1626926415.705304,milibris,7
1626926418.403979,readly,106
1627012808.142693,blendle,108
1627012809.962647,cafeyn,84
1627012811.712329,milibris,7
1627012814.749743,readly,140
1627099209.15284,blendle,134
1627099211.430747,cafeyn,91
1627099213.425816,milibris,6
1627099216.857978,readly,135
1627185608.914568,blendle,127
1627185610.879902,cafeyn,89
1627185612.542154,milibris,8
1627185615.361957,readly,128
1627272008.523919,blendle,129
1627272010.648683,cafeyn,92
1627272012.168557,milibris,7
1627272014.964273,readly,133
1627358409.461091,blendle,136
1627358412.285062,cafeyn,104
1627358413.849915,milibris,7
1627358416.968168,readly,132
1627444810.020127,blendle,143
1627444812.764581,cafeyn,107
1627444814.412085,milibris,6
1627444817.330213,readly,138
1627531208.402633,blendle,131
1627531211.332717,cafeyn,109
1627531213.523834,milibris,7
1627531216.577739,readly,145
1627617609.440451,blendle,141
1627617612.225102,cafeyn,106
1627617613.903905,milibris,7
1627617617.315665,readly,156
1627704007.880289,blendle,136
1627704010.469755,cafeyn,113
1627704011.926907,milibris,5
1627704014.429514,readly,105
1627790408.038503,blendle,144
1627790410.586387,cafeyn,112
1627790412.245027,milibris,5
1627790414.602067,readly,103
1627876809.184259,blendle,134
1627876812.015383,cafeyn,110
1627876813.565094,milibris,3
1627876816.710462,readly,106
1627963208.328232,blendle,146
1627963210.932031,cafeyn,112
1627963212.409256,milibris,3
1627963215.062241,readly,105
1628049611.928323,blendle,136
1628049614.688006,cafeyn,106
1628049616.610399,milibris,3
1628049619.575955,readly,98
1628136010.377502,blendle,135
1628136013.08772,cafeyn,104
1628136014.909236,milibris,3
1628136017.720712,readly,101
1628222409.911687,blendle,144
1628222412.292708,cafeyn,112
1628222413.786786,milibris,2
1628222416.830686,readly,103
1628308807.640401,blendle,140
1628308810.552396,cafeyn,114
1628308812.38374,milibris,1
1628308814.780326,readly,98
1628395207.892594,blendle,143
1628395209.966165,cafeyn,97
1628395211.092557,milibris,0
1628395213.716014,readly,96
1628481608.830307,blendle,137
1628481610.861219,cafeyn,96
1628481612.176235,milibris,1
1628481614.654282,readly,105
1628568009.200076,blendle,126
1628568011.236265,cafeyn,97
1628568012.574604,milibris,2
1628568014.955367,readly,106
1628654409.520913,blendle,125
1628654411.702172,cafeyn,98
1628654413.122901,milibris,2
1628654415.93829,readly,128
1628740809.011858,blendle,119
1628740811.657871,cafeyn,103
1628740813.293874,milibris,2
1628740816.149841,readly,131
1628827208.51833,blendle,130
1628827211.001486,cafeyn,101
1628827212.490603,milibris,3
1628827215.883923,readly,170
1628913608.07227,blendle,129
1628913610.109341,cafeyn,91
1628913611.588318,milibris,4
1628913614.68628,readly,194
1629000007.595378,blendle,121
1629000009.984788,cafeyn,109
1629000011.328778,milibris,4
1629000014.894093,readly,228
1629086407.956834,blendle,117
1629086410.565629,cafeyn,110
1629086411.966476,milibris,4
1629086415.714059,readly,250
1629172809.331651,blendle,120
1629172813.615131,cafeyn,116
1629172816.000041,milibris,4
1629172820.651591,readly,269
1629259209.147354,blendle,130
1629259212.083701,cafeyn,126
1629259213.496276,milibris,3
1629259217.657141,readly,285
1629345608.428648,blendle,130
1629345611.478582,cafeyn,130
1629345613.208613,milibris,4
1629345617.358826,readly,285
1629432009.048092,blendle,140
1629432011.765644,cafeyn,123
1629432013.398211,milibris,4
1629432017.769341,readly,276
1629518409.195018,blendle,138
1629518412.443973,cafeyn,136
1629518414.170504,milibris,3
1629518418.662851,readly,245
1629604808.761442,blendle,141
1629604812.044747,cafeyn,149
1629604813.932853,milibris,2
1629604817.868215,readly,204
1629691212.112495,blendle,149
1629691216.605868,cafeyn,127
1629691220.290357,milibris,3
1629691225.147867,readly,186
1629777609.505981,blendle,151
1629777613.983088,cafeyn,146
1629777618.107792,milibris,4
1629777621.545964,readly,160
1629864008.571574,blendle,143
1629864011.606267,cafeyn,153
1629864013.54911,milibris,6
1629864022.051864,readly,152
1629950407.60781,blendle,140
1629950410.748657,cafeyn,163
1629950412.602373,milibris,5
1629950415.772145,readly,134
1630036807.8356,blendle,139
1630036811.425142,cafeyn,170
1630036812.93813,milibris,4
1630036815.775001,readly,138
1630123207.672382,blendle,136
1630123210.885358,cafeyn,179
1630123212.46402,milibris,4
1630123215.400153,readly,138
1630209608.747145,blendle,135
1630209611.82851,cafeyn,170
1630209613.592192,milibris,5
1630209617.243161,readly,141
1630296008.826997,blendle,124
1630296012.299007,cafeyn,148
1630296014.140173,milibris,5
1630296017.108868,readly,136
1630382408.137587,blendle,121
1630382411.50998,cafeyn,148
1630382413.232215,milibris,4
1630382416.118976,readly,142
1630468808.447271,blendle,118
1630468811.398504,cafeyn,136
1630468813.015119,milibris,3
1630468816.602442,readly,146
1630555207.990709,blendle,115
1630555210.779306,cafeyn,121
1630555213.080198,milibris,2
1630555216.289129,readly,155
1630641608.339562,blendle,111
1630641611.01167,cafeyn,101
1630641612.721417,milibris,3
1630641615.768633,readly,149
1630728007.713434,blendle,108
1630728009.838838,cafeyn,82
1630728011.353803,milibris,3
1630728014.265173,readly,141
1630814407.889366,blendle,105
1630814410.273312,cafeyn,69
1630814412.130185,milibris,3
1630814415.402577,readly,141
1630900808.071179,blendle,100
1630900810.789351,cafeyn,77
1630900812.83062,milibris,2
1630900816.016322,readly,168
1630987207.666195,blendle,99
1630987209.801708,cafeyn,81
1630987211.524598,milibris,3
1630987214.856767,readly,184
1631073607.828556,blendle,93
1631073610.287286,cafeyn,89
1631073612.137513,milibris,3
1631073615.438811,readly,183
1631160009.310609,blendle,87
1631160012.374646,cafeyn,92
1631160015.477026,milibris,3
1631160021.796984,readly,181
1631246409.440137,blendle,90
1631246414.136234,cafeyn,110
1631246417.729233,milibris,2
1631246421.347421,readly,161
1631332809.391745,blendle,94
1631332813.203056,cafeyn,113
1631332815.376026,milibris,3
1631332819.049272,readly,163
1631419208.300511,blendle,90
1631419211.347697,cafeyn,114
1631419213.213025,milibris,4
1631419217.009591,readly,158
1631505607.124536,blendle,91
1631505610.082261,cafeyn,122
1631505611.938402,milibris,5
1631505614.905816,readly,168
1631592008.335897,blendle,105
1631592011.360482,cafeyn,123
1631592013.263209,milibris,6
1631592016.338214,readly,133
1631678408.434727,blendle,103
1631678411.68617,cafeyn,119
1631678413.775531,milibris,5
1631678416.875152,readly,122
1631764809.888852,blendle,110
1631764815.671433,cafeyn,118
1631764818.174952,milibris,6
1631764821.901395,readly,133
1631851208.683742,blendle,107
1631851214.693362,cafeyn,118
1631851223.082738,milibris,7
1631851228.726395,readly,147
1631937608.143471,blendle,106
1631937610.892306,cafeyn,105
1631937612.7642,milibris,7
1631937617.622174,readly,305
1632024008.893451,blendle,119
1632024011.514073,cafeyn,99
1632024014.029551,milibris,7
1632024018.936147,readly,301
1632110409.261051,blendle,122
1632110412.363302,cafeyn,89
1632110414.51164,milibris,4
1632110419.237637,readly,298
1632196810.924896,blendle,176
1632196814.105659,cafeyn,83
1632196816.357773,milibris,4
1632196823.778886,readly,320
1632283209.806686,blendle,184
1632283212.999993,cafeyn,100
1632283215.088951,milibris,3
1632283222.289678,readly,347
1632369610.021787,blendle,188
1632369612.684155,cafeyn,91
1632369614.808918,milibris,5
1632369620.163598,readly,360
1632456010.14911,blendle,175
1632456013.916305,cafeyn,92
1632456016.143684,milibris,4
1632456024.152179,readly,348
1632542409.174278,blendle,191
1632542412.880199,cafeyn,89
1632542415.048947,milibris,4
1632542420.733894,readly,343
1632628809.735957,blendle,197
1632628812.706676,cafeyn,85
1632628814.654161,milibris,4
1632628819.755043,readly,324
1632715210.017808,blendle,199
1632715213.25911,cafeyn,77
1632715215.813827,milibris,5
1632715222.246197,readly,323
1632801608.541797,blendle,197
1632801610.984656,cafeyn,80
1632801613.077718,milibris,5
1632801616.418456,readly,177
1632888008.937977,blendle,192
1632888011.595043,cafeyn,84
1632888014.656063,milibris,7
1632888018.563373,readly,195
1632974409.653887,blendle,177
1632974412.926935,cafeyn,87
1632974415.258047,milibris,7
1632974419.696229,readly,208
1633060810.468422,blendle,121
1633060814.158657,cafeyn,78
1633060817.278827,milibris,7
1633060821.417136,readly,163
1633147208.132657,blendle,114
1633147210.782514,cafeyn,75
1633147212.831688,milibris,7
1633147216.214071,readly,160
1633233608.163391,blendle,120
1633233610.394336,cafeyn,62
1633233612.088865,milibris,5
1633233615.379116,readly,148
1633320008.466903,blendle,114
1633320011.207262,cafeyn,59
1633320013.969121,milibris,5
1633320017.779086,readly,146
1633406409.798887,blendle,110
1633406412.041212,cafeyn,55
1633406413.782709,milibris,3
1633406417.082347,readly,159
1633492809.446664,blendle,122
1633492812.090496,cafeyn,54
1633492814.108575,milibris,3
1633492818.484492,readly,165
1633579215.291773,blendle,123
1633579220.136989,cafeyn,47
1633579222.978094,milibris,2
1633579228.349748,readly,196
1633665610.196107,blendle,129
1633665613.355124,cafeyn,57
1633665615.955681,milibris,2
1633665622.480695,readly,202
1633752008.783111,blendle,142
1633752011.603485,cafeyn,57
1633752013.693325,milibris,3
1633752018.168188,readly,208
1633838408.67969,blendle,161
1633838411.233029,cafeyn,58
1633838413.421641,milibris,3
1633838418.116445,readly,217
1633924809.444305,blendle,162
1633924812.310578,cafeyn,63
1633924814.679661,milibris,2
1633924819.669888,readly,239
1634011209.687605,blendle,185
1634011212.489707,cafeyn,71
1634011214.84541,milibris,2
1634011219.620954,readly,289
1634097613.128361,blendle,188
1634097616.121391,cafeyn,78
1634097618.915422,milibris,2
1634097625.556663,readly,308
1634184009.118864,blendle,170
1634184011.721946,cafeyn,86
1634184013.979164,milibris,2
1634184019.442243,readly,311
1634270414.336246,blendle,171
1634270417.339824,cafeyn,84
1634270419.531819,milibris,3
1634270424.841326,readly,323
1634356810.599314,blendle,169
1634356814.781944,cafeyn,87
1634356825.121313,milibris,2
1634356831.576335,readly,307
1634443210.12238,blendle,166
1634443218.470729,cafeyn,81
1634443221.660649,milibris,2
1634443227.141589,readly,276
1634529609.589483,blendle,158
1634529618.164094,cafeyn,78
1634529621.307332,milibris,2
1634529626.952946,readly,274
1634616008.86972,blendle,153
1634616011.639803,cafeyn,89
1634616013.852852,milibris,3
1634616019.252056,readly,315
1634702409.707618,blendle,146
1634702412.616712,cafeyn,79
1634702414.769589,milibris,5
1634702419.29649,readly,283
1634788809.104257,blendle,134
1634788811.567876,cafeyn,80
1634788813.675707,milibris,6
1634788818.345158,readly,257
1634875210.551154,blendle,144
1634875214.376469,cafeyn,78
1634875218.346298,milibris,6
1634875224.118633,readly,244
1634961608.735815,blendle,140
1634961611.655692,cafeyn,70
1634961614.165938,milibris,8
1634961618.901456,readly,211
1635048008.633312,blendle,140
1635048011.307046,cafeyn,80
1635048013.570539,milibris,9
1635048017.591386,readly,191
1635134409.305507,blendle,148
1635134411.887052,cafeyn,96
1635134414.332922,milibris,10
1635134418.422078,readly,185
1635220809.799348,blendle,140
1635220813.500766,cafeyn,97
1635220816.816898,milibris,9
1635220821.508926,readly,192
1635307208.469014,blendle,143
1635307211.792871,cafeyn,111
1635307214.364111,milibris,11
1635307221.049441,readly,218
1635393610.131477,blendle,133
1635393614.329098,cafeyn,117
1635393616.940287,milibris,10
1635393621.32946,readly,164
1635480019.696657,blendle,111
1635480032.609887,cafeyn,123
1635480036.119312,milibris,7
1635480046.725883,readly,171
1635566410.33667,blendle,101
1635566414.605023,cafeyn,121
1635566418.521237,milibris,7
1635566423.480092,readly,188
1635656408.247149,blendle,115
1635656411.885298,cafeyn,123
1635656414.097675,milibris,7
1635656418.28856,readly,182
1635742808.767251,blendle,109
1635742812.216537,cafeyn,111
1635742814.235077,milibris,4
1635742818.007929,readly,177
1635829208.526595,blendle,108
1635829211.77616,cafeyn,116
1635829213.706855,milibris,3
1635829217.449082,readly,196
1635915609.812997,blendle,114
1635915616.586812,cafeyn,101
1635915620.920076,milibris,4
1635915628.981,readly,220
1636002009.539695,blendle,113
1636002012.406827,cafeyn,83
1636002014.846574,milibris,2
1636002019.604104,readly,223
1636088408.246144,blendle,124
1636088411.045813,cafeyn,95
1636088413.124825,milibris,3
1636088418.28907,readly,219
1636174808.410859,blendle,128
1636174811.711264,cafeyn,102
1636174813.959929,milibris,5
1636174818.558706,readly,229
1636261208.00411,blendle,129
1636261210.977346,cafeyn,92
1636261213.55764,milibris,5
1636261217.65884,readly,196
1636347612.886263,blendle,120
1636347617.467689,cafeyn,90
1636347621.31922,milibris,5
1636347625.609599,readly,186
1636434008.071465,blendle,117
1636434010.560419,cafeyn,91
1636434012.408964,milibris,5
1636434015.671958,readly,198
1636520408.449735,blendle,104
1636520410.803774,cafeyn,91
1636520412.652761,milibris,4
1636520415.794314,readly,179
1636606808.268801,blendle,129
1636606810.635817,cafeyn,97
1636606812.463528,milibris,5
1636606815.700971,readly,177
1636693208.830018,blendle,131
1636693211.523787,cafeyn,103
1636693213.251496,milibris,4
1636693216.934628,readly,201
1636779608.237371,blendle,111
1636779616.852687,cafeyn,76
1636779623.860706,milibris,5
1636779627.036619,readly,162
1636866007.791964,blendle,110
1636866010.040373,cafeyn,72
1636866011.870069,milibris,4
1636866015.037093,readly,157
1636952408.580857,blendle,117
1636952410.88593,cafeyn,72
1636952412.794328,milibris,5
1636952415.91554,readly,176
1637038808.472989,blendle,110
1637038810.857986,cafeyn,80
1637038812.853807,milibris,6
1637038816.370593,readly,184
1637125209.189147,blendle,148
1637125211.541726,cafeyn,86
1637125213.418046,milibris,7
1637125216.815069,readly,197
1637211610.902513,blendle,152
1637211615.030102,cafeyn,91
1637211619.111684,milibris,11
1637211624.929702,readly,212
1637298008.979949,blendle,139
1637298012.095656,cafeyn,72
1637298014.862622,milibris,14
1637298019.187529,readly,213
1637384408.230045,blendle,146
1637384411.001786,cafeyn,63
1637384413.356657,milibris,13
1637384417.222721,readly,187
1637470810.77898,blendle,159
1637470813.836842,cafeyn,59
1637470819.188616,milibris,15
1637470824.067057,readly,178
1637557209.747526,blendle,161
1637557212.503896,cafeyn,64
1637557215.16294,milibris,13
1637557219.11635,readly,161
1637643609.084957,blendle,159
1637643611.396488,cafeyn,57
1637643613.364974,milibris,11
1637643616.537421,readly,165
1637730009.66913,blendle,168
1637730012.898889,cafeyn,62
1637730015.715462,milibris,12
1637730020.9079,readly,156
1637816411.111825,blendle,169
1637816415.717198,cafeyn,40
1637816418.617192,milibris,11
1637816423.473328,readly,149
1637902808.441464,blendle,144
1637902811.447651,cafeyn,39
1637902814.28105,milibris,8
1637902818.023567,readly,152
1637989209.263192,blendle,155
1637989212.169767,cafeyn,39
1637989215.034192,milibris,7
1637989219.322348,readly,153
1638075609.313896,blendle,151
1638075612.08907,cafeyn,41
1638075614.798408,milibris,5
1638075618.76989,readly,145
1638162008.416729,blendle,133
1638162010.863496,cafeyn,46
1638162012.633121,milibris,4
1638162015.933093,readly,141
1638248409.201004,blendle,134
1638248413.000887,cafeyn,54
1638248416.166031,milibris,3
1638248420.145421,readly,147
1638334810.221351,blendle,131
1638334813.100148,cafeyn,47
1638334815.755758,milibris,3
1638334819.99738,readly,142
1638421210.326918,blendle,127
1638421214.079234,cafeyn,48
1638421217.690684,milibris,3
1638421222.750141,readly,147
1638507609.178413,blendle,136
1638507612.651129,cafeyn,50
1638507615.656545,milibris,3
1638507619.996459,readly,162
1638594009.370674,blendle,121
1638594012.425526,cafeyn,53
1638594014.944832,milibris,2
1638594019.458604,readly,149
1638680408.974037,blendle,122
1638680412.233762,cafeyn,56
1638680414.833567,milibris,2
1638680418.847863,readly,151
1638766809.387786,blendle,118
1638766813.26084,cafeyn,57
1638766816.061405,milibris,3
1638766820.779756,readly,150
1638853209.06353,blendle,111
1638853212.152381,cafeyn,65
1638853214.773767,milibris,4
1638853219.193567,readly,156
1638939608.382535,blendle,109
1638939611.45535,cafeyn,78
1638939613.658225,milibris,4
1638939617.122106,readly,174
1639026008.720758,blendle,92
1639026012.221956,cafeyn,80
1639026014.921527,milibris,4
1639026020.15201,readly,170
1639112408.699695,blendle,91
1639112412.0413,cafeyn,81
1639112414.446782,milibris,4
1639112418.405799,readly,164
1639198807.436474,blendle,99
1639198810.983097,cafeyn,81
1639198813.202278,milibris,4
1639198816.88669,readly,178
1639285217.216546,blendle,98
1639285221.080919,cafeyn,90
1639285224.16833,milibris,3
1639285229.010153,readly,171
1639371608.934377,blendle,96
1639371612.311216,cafeyn,89
1639371615.478481,milibris,5
1639371623.634513,readly,184
1639458011.680524,blendle,93
1639458015.602854,cafeyn,87
1639458019.56439,milibris,5
1639458025.674243,readly,200
1639544411.349484,blendle,92
1639544414.532946,cafeyn,91
1639544417.65009,milibris,6
1639544421.695835,readly,194
1639630808.494199,blendle,90
1639630811.535253,cafeyn,84
1639630814.7299,milibris,5
1639630818.968668,readly,196
1639717208.73636,blendle,88
1639717211.935816,cafeyn,77
1639717214.643346,milibris,8
1639717219.341791,readly,201
1639803608.183386,blendle,91
1639803610.533837,cafeyn,67
1639803612.5469,milibris,9
1639803616.039647,readly,198
1639890008.446597,blendle,103
1639890010.890947,cafeyn,69
1639890012.957277,milibris,12
1639890016.680804,readly,191
1639976408.201679,blendle,101
1639976410.594802,cafeyn,69
1639976412.710107,milibris,13
1639976416.275014,readly,191
1640062807.385091,blendle,98
1640062810.382144,cafeyn,64
1640062812.605095,milibris,11
1640062816.838929,readly,208
1640149208.834426,blendle,103
1640149211.791444,cafeyn,78
1640149214.315701,milibris,10
1640149218.652472,readly,202
1640235608.478222,blendle,95
1640235611.789224,cafeyn,88
1640235614.253777,milibris,10
1640235619.212964,readly,214
